Rate = 0.1,Rate = 0.01,Rate = 0.001,Rate = 0.0001
0.175486,0.183152,0.183249,0.186562
0.174572,0.183605,0.18255,0.184235
0.175918,0.183639,0.182336,0.182905
0.176985,0.183589,0.182246,0.182238
0.17832,0.183551,0.182198,0.181927
